URL,IP,Date,Time
/meol/styles/newstyle/plugins/jquery-1.9.1.min.js, 172.25.88.254, 2018-04-28, 00:35:46
/meol/homepage/V8/style/v8_blue/newIndex.cssin.js, 172.25.88.254, 2018-04-28, 00:35:46
/meol/homepage/V8/style/v8_blue/js/index.jssin.js, 172.25.88.254, 2018-04-28, 00:35:46
/meol/styles/newstyle/plugins/jquery-1.9.1.min.js, 172.25.88.254, 2018-04-28, 00:36:35
/meol/homepage/V8/style/v8_blue/js/index.jsmin.js, 172.25.88.254, 2018-04-28, 00:36:35
/code/ckepop.js, 172.25.88.254, 2018-04-28, 00:40:10
/meol/styles/main/js/fancyBox/lib/jquery-1.9.0.min.js, 172.25.88.254, 2018-04-28, 00:40:11
/meol/styles/main/js/fancyBox/lib/jquery.mousewheel-3.0.6.pack.js, 172.25.88.254, 2018-04-28, 00:40:11
/meol/styles/newstyle/course/new06/layout.css, 172.25.88.254, 2018-04-28, 00:40:11
/meol/jpk/course/layout/newpage/style/index.css, 172.25.88.254, 2018-04-28, 00:40:11
/meol/jpk/course/layout/newpage/style/new.css, 172.25.88.254, 2018-04-28, 00:40:11
/meol/jpk/course/layout/newpage/style/index.js, 172.25.88.254, 2018-04-28, 00:40:11
/meol/styles/newstyle/course/new06/page.js, 172.25.88.254, 2018-04-28, 00:40:11
/meol/jpk/course/layout/dialog.js, 172.25.88.254, 2018-04-28, 00:40:11
/meol/styles/main/css/module_style.css, 172.25.88.254, 2018-04-28, 00:40:11
/meol/styles/main/js/jquery-1.7.2.js, 172.25.88.254, 2018-04-28, 00:40:11
/meol/styles/default/js/function.js, 172.25.88.254, 2018-04-28, 00:40:11
/meol/styles/main/js/common.js, 172.25.88.254, 2018-04-28, 00:40:11
/meol/styles/default/js/json2.js, 172.25.88.254, 2018-04-28, 00:40:11
/meol/styles/main/js/fancyBox/source/jquery.fancybox.css, 172.25.88.254, 2018-04-28, 00:40:11
/meol/styles/default/js/json2.js, 172.25.88.254, 2018-04-28, 00:40:12
/code/jia.js, 172.25.88.254, 2018-04-28, 00:40:13
/meol/styles/newstyle/course/new06/content.css, 172.25.88.254, 2018-04-28, 00:40:13
/meol/styles/main/css/module_style.css, 172.25.88.254, 2018-04-28, 00:40:13
/code/css/jiathis_share.css, 172.25.88.254, 2018-04-28, 00:40:13
/meol/styles/main/css/reset.css, 172.25.88.254, 2018-04-28, 00:40:13
/code/css/jiathis_counter.css, 172.25.88.254, 2018-04-28, 00:40:13
/meol/homepage/V8/style/v8_blue/index.css, 172.25.88.254, 2018-04-28, 00:40:41
/meol/styles/newstyle/plugins/jquery-1.9.1.min.js, 172.25.88.254, 2018-04-28, 00:40:41
/meol/homepage/V8/style/v8_blue/js/index.js, 172.25.88.254, 2018-04-28, 00:40:41
/meol/styles/default/js/jquery-1.7.2.js, 172.25.88.254, 2018-04-28, 00:40:41
/meol/styles/main/js/fancyBox/source/jquery.fancybox.css, 172.25.88.254, 2018-04-28, 00:40:41
/meol/styles/main/js/fancyBox/source/jquery.fancybox.js, 172.25.88.254, 2018-04-28, 00:40:41
/meol/jpk/course/layout/newpage/style/jquery.cookie.js, 172.25.88.254, 2018-04-28, 00:40:41
/meol/styles/newstyle/js/theol.js, 172.25.88.254, 2018-04-28, 00:40:41
/meol/styles/newstyle/js/frame_v8.js, 172.25.88.254, 2018-04-28, 00:40:41
/meol/styles/newstyle/plugins/jquery-1.9.1.min.js, 172.25.88.254, 2018-04-28, 00:41:34
/meol/homepage/V8/style/v8_blue/index.css, 172.25.88.254, 2018-04-28, 00:41:34
/meol/homepage/V8/style/v8_blue/js/index.js, 172.25.88.254, 2018-04-28, 00:41:34
/meol/styles/default/js/jquery-1.7.2.js, 172.25.88.254, 2018-04-28, 00:41:34
/meol/styles/main/js/fancyBox/source/jquery.fancybox.css, 172.25.88.254, 2018-04-28, 00:41:34
/meol/styles/main/js/fancyBox/source/jquery.fancybox.js, 172.25.88.254, 2018-04-28, 00:41:34
/meol/jpk/course/layout/newpage/style/jquery.cookie.js, 172.25.88.254, 2018-04-28, 00:41:35
/meol/styles/newstyle/js/theol.js, 172.25.88.254, 2018-04-28, 00:41:35
/meol/styles/newstyle/js/frame_v8.js, 172.25.88.254, 2018-04-28, 00:41:35
/meol/styles/newstyle/plugins/jquery-1.9.1.min.js, 172.25.88.254, 2018-04-28, 00:42:57
/meol/homepage/V8/style/v8_blue/js/index.js, 172.25.88.254, 2018-04-28, 00:42:57
/meol/homepage/V8/style/v8_blue/index.css, 172.25.88.254, 2018-04-28, 00:42:57
/meol/styles/default/js/jquery-1.7.2.js, 172.25.88.254, 2018-04-28, 00:42:57
/meol/styles/main/js/fancyBox/source/jquery.fancybox.css, 172.25.88.254, 2018-04-28, 00:42:57
/meol/styles/main/js/fancyBox/source/jquery.fancybox.js, 172.25.88.254, 2018-04-28, 00:42:57
/meol/jpk/course/layout/newpage/style/jquery.cookie.js, 172.25.88.254, 2018-04-28, 00:42:57
/meol/styles/newstyle/js/theol.js, 172.25.88.254, 2018-04-28, 00:42:57
/meol/styles/newstyle/js/frame_v8.js, 172.25.88.254, 2018-04-28, 00:42:57
/meol/styles/newstyle/plugins/jquery-1.9.1.min.js, 172.25.88.254, 2018-04-28, 00:43:07
/meol/homepage/V8/style/v8_blue/index.css, 172.25.88.254, 2018-04-28, 00:43:07
/meol/homepage/V8/style/v8_blue/js/index.js, 172.25.88.254, 2018-04-28, 00:43:07
/meol/styles/default/js/jquery-1.7.2.js, 172.25.88.254, 2018-04-28, 00:43:07
/meol/styles/main/js/fancyBox/source/jquery.fancybox.css, 172.25.88.254, 2018-04-28, 00:43:07
/meol/styles/main/js/fancyBox/source/jquery.fancybox.js, 172.25.88.254, 2018-04-28, 00:43:07
/meol/jpk/course/layout/newpage/style/jquery.cookie.js, 172.25.88.254, 2018-04-28, 00:43:07
/meol/styles/newstyle/js/theol.js, 172.25.88.254, 2018-04-28, 00:43:07
/meol/styles/newstyle/js/frame_v8.js, 172.25.88.254, 2018-04-28, 00:43:07
/meol/styles/newstyle/plugins/jquery-1.9.1.min.js, 172.25.88.254, 2018-04-28, 00:43:22
/meol/homepage/V8/style/v8_blue/index.css, 172.25.88.254, 2018-04-28, 00:43:22
/meol/homepage/V8/style/v8_blue/js/index.js, 172.25.88.254, 2018-04-28, 00:43:22
/meol/styles/default/js/jquery-1.7.2.js, 172.25.88.254, 2018-04-28, 00:43:22
/meol/styles/main/js/fancyBox/source/jquery.fancybox.js, 172.25.88.254, 2018-04-28, 00:43:22
/meol/jpk/course/layout/newpage/style/jquery.cookie.js, 172.25.88.254, 2018-04-28, 00:43:22
/meol/styles/main/js/fancyBox/source/jquery.fancybox.css, 172.25.88.254, 2018-04-28, 00:43:22
/meol/styles/newstyle/js/theol.js, 172.25.88.254, 2018-04-28, 00:43:22
/meol/styles/newstyle/js/frame_v8.js, 172.25.88.254, 2018-04-28, 00:43:23
